identifier,commonIdentifier,level,maxTimes,duration,debuffEffectInfoIdentifier,ragePoints,debuffType,attackBonusPercentage,cooldown,h
String,String,String,Integer,Float,String,Float,String,Integer,Float,String
heatstroke1,heatstroke,1,100,4,gloomCloud01,100,gloomCloud,38,3,
heatstroke2,heatstroke,2,100,4,gloomCloud02,100,gloomCloud,38,3,
heatstroke3,heatstroke,3,100,4,gloomCloud03,100,gloomCloud,38,3,
heatstroke4,heatstroke,4,100,4,gloomCloud04,100,gloomCloud,38,3,
heatstroke5,heatstroke,5,100,4,gloomCloud05,100,gloomCloud,38,3,
heatstroke6,heatstroke,6,100,4,gloomCloud06,100,gloomCloud,38,3,
heatstroke7,heatstroke,7,100,4,gloomCloud07,100,gloomCloud,38,3,
heatstroke8,heatstroke,8,100,4,gloomCloud08,100,gloomCloud,38,3,
heatstroke9,heatstroke,9,100,4,gloomCloud09,100,gloomCloud,38,3,
heatstroke10,heatstroke,10,100,4,gloomCloud10,100,gloomCloud,38,3,
heatstroke11,heatstroke,11,100,4,gloomCloud11,100,gloomCloud,38,3,
heatstroke12,heatstroke,12,100,4,gloomCloud12,100,gloomCloud,38,3,
heatstroke13,heatstroke,13,100,4,gloomCloud13,100,gloomCloud,38,3,
heatstroke14,heatstroke,14,100,4,gloomCloud14,100,gloomCloud,38,3,
heatstroke15,heatstroke,15,100,4,gloomCloud15,100,gloomCloud,38,3,
heatstroke16,heatstroke,16,100,4,gloomCloud16,100,gloomCloud,38,3,
heatstroke17,heatstroke,17,100,4,gloomCloud17,100,gloomCloud,38,3,
heatstroke18,heatstroke,18,100,4,gloomCloud18,100,gloomCloud,38,3,
heatstroke19,heatstroke,19,100,4,gloomCloud19,100,gloomCloud,38,3,
heatstroke20,heatstroke,20,100,4,gloomCloud20,100,gloomCloud,38,3,
heatstroke21,heatstroke,21,100,4,gloomCloud21,100,gloomCloud,38,3,
heatstroke22,heatstroke,22,100,4,gloomCloud22,100,gloomCloud,38,3,
heatstroke23,heatstroke,23,100,4,gloomCloud23,100,gloomCloud,38,3,
heatstroke24,heatstroke,24,100,4,gloomCloud24,100,gloomCloud,38,3,
heatstroke25,heatstroke,25,100,4,gloomCloud25,100,gloomCloud,38,3,
heatstroke26,heatstroke,26,100,4,gloomCloud26,100,gloomCloud,38,3,
heatstroke27,heatstroke,27,100,4,gloomCloud27,100,gloomCloud,38,3,
heatstroke28,heatstroke,28,100,4,gloomCloud28,100,gloomCloud,38,3,
heatstroke29,heatstroke,29,100,4,gloomCloud29,100,gloomCloud,38,3,
heatstroke30,heatstroke,30,100,4,gloomCloud30,100,gloomCloud,38,3,
heatstroke31,heatstroke,31,100,4,gloomCloud31,100,gloomCloud,38,3,
heatstroke32,heatstroke,32,100,4,gloomCloud32,100,gloomCloud,38,3,
heatstroke33,heatstroke,33,100,4,gloomCloud33,100,gloomCloud,38,3,
heatstroke34,heatstroke,34,100,4,gloomCloud34,100,gloomCloud,38,3,
heatstroke35,heatstroke,35,100,4,gloomCloud35,100,gloomCloud,38,3,
heatstroke36,heatstroke,36,100,4,gloomCloud36,100,gloomCloud,38,3,
heatstroke37,heatstroke,37,100,4,gloomCloud37,100,gloomCloud,38,3,
heatstroke38,heatstroke,38,100,4,gloomCloud38,100,gloomCloud,38,3,
heatstroke39,heatstroke,39,100,4,gloomCloud39,100,gloomCloud,38,3,
heatstroke40,heatstroke,40,100,4,gloomCloud40,100,gloomCloud,38,3,
heatstroke41,heatstroke,41,100,4,gloomCloud41,100,gloomCloud,38,3,
heatstroke42,heatstroke,42,100,4,gloomCloud42,100,gloomCloud,38,3,
heatstroke43,heatstroke,43,100,4,gloomCloud43,100,gloomCloud,38,3,
heatstroke44,heatstroke,44,100,4,gloomCloud44,100,gloomCloud,38,3,
heatstroke45,heatstroke,45,100,4,gloomCloud45,100,gloomCloud,38,3,
heatstroke46,heatstroke,46,100,4,gloomCloud46,100,gloomCloud,38,3,
heatstroke47,heatstroke,47,100,4,gloomCloud47,100,gloomCloud,38,3,
heatstroke48,heatstroke,48,100,4,gloomCloud48,100,gloomCloud,38,3,
heatstroke49,heatstroke,49,100,4,gloomCloud49,100,gloomCloud,38,3,
heatstroke50,heatstroke,50,100,4,gloomCloud50,100,gloomCloud,38,3,
heatstroke51,heatstroke,51,100,4,gloomCloud51,100,gloomCloud,38,3,
heatstroke52,heatstroke,52,100,4,gloomCloud52,100,gloomCloud,38,3,
heatstroke53,heatstroke,53,100,4,gloomCloud53,100,gloomCloud,38,3,
heatstroke54,heatstroke,54,100,4,gloomCloud54,100,gloomCloud,38,3,
heatstroke55,heatstroke,55,100,4,gloomCloud55,100,gloomCloud,38,3,
heatstroke56,heatstroke,56,100,4,gloomCloud56,100,gloomCloud,38,3,
heatstroke57,heatstroke,57,100,4,gloomCloud57,100,gloomCloud,38,3,
heatstroke58,heatstroke,58,100,4,gloomCloud58,100,gloomCloud,38,3,
heatstroke59,heatstroke,59,100,4,gloomCloud59,100,gloomCloud,38,3,
heatstroke60,heatstroke,60,100,4,gloomCloud60,100,gloomCloud,38,3,
heatstroke61,heatstroke,61,100,4,gloomCloud61,100,gloomCloud,38,3,
heatstroke62,heatstroke,62,100,4,gloomCloud62,100,gloomCloud,38,3,
heatstroke63,heatstroke,63,100,4,gloomCloud63,100,gloomCloud,38,3,
heatstroke64,heatstroke,64,100,4,gloomCloud64,100,gloomCloud,38,3,
heatstroke65,heatstroke,65,100,4,gloomCloud65,100,gloomCloud,38,3,
heatstroke66,heatstroke,66,100,4,gloomCloud66,100,gloomCloud,38,3,
heatstroke67,heatstroke,67,100,4,gloomCloud67,100,gloomCloud,38,3,
heatstroke68,heatstroke,68,100,4,gloomCloud68,100,gloomCloud,38,3,
heatstroke69,heatstroke,69,100,4,gloomCloud69,100,gloomCloud,38,3,
heatstroke70,heatstroke,70,100,4,gloomCloud70,100,gloomCloud,38,3,
heatstroke71,heatstroke,71,100,4,gloomCloud71,100,gloomCloud,38,3,
heatstroke72,heatstroke,72,100,4,gloomCloud72,100,gloomCloud,38,3,
heatstroke73,heatstroke,73,100,4,gloomCloud73,100,gloomCloud,38,3,
heatstroke74,heatstroke,74,100,4,gloomCloud74,100,gloomCloud,38,3,
heatstroke75,heatstroke,75,100,4,gloomCloud75,100,gloomCloud,38,3,
heatstroke76,heatstroke,76,100,4,gloomCloud76,100,gloomCloud,38,3,
heatstroke77,heatstroke,77,100,4,gloomCloud77,100,gloomCloud,38,3,
heatstroke78,heatstroke,78,100,4,gloomCloud78,100,gloomCloud,38,3,
heatstroke79,heatstroke,79,100,4,gloomCloud79,100,gloomCloud,38,3,
heatstroke80,heatstroke,80,100,4,gloomCloud80,100,gloomCloud,38,3,
heatstroke81,heatstroke,81,100,4,gloomCloud81,100,gloomCloud,38,3,
heatstroke82,heatstroke,82,100,4,gloomCloud82,100,gloomCloud,38,3,
heatstroke83,heatstroke,83,100,4,gloomCloud83,100,gloomCloud,38,3,
heatstroke84,heatstroke,84,100,4,gloomCloud84,100,gloomCloud,38,3,
heatstroke85,heatstroke,85,100,4,gloomCloud85,100,gloomCloud,38,3,
heatstroke86,heatstroke,86,100,4,gloomCloud86,100,gloomCloud,38,3,
heatstroke87,heatstroke,87,100,4,gloomCloud87,100,gloomCloud,38,3,
heatstroke88,heatstroke,88,100,4,gloomCloud88,100,gloomCloud,38,3,
heatstroke89,heatstroke,89,100,4,gloomCloud89,100,gloomCloud,38,3,
heatstroke90,heatstroke,90,100,4,gloomCloud90,100,gloomCloud,38,3,
heatstroke91,heatstroke,91,100,4,gloomCloud91,100,gloomCloud,38,3,
heatstroke92,heatstroke,92,100,4,gloomCloud92,100,gloomCloud,38,3,
heatstroke93,heatstroke,93,100,4,gloomCloud93,100,gloomCloud,38,3,
heatstroke94,heatstroke,94,100,4,gloomCloud94,100,gloomCloud,38,3,
heatstroke95,heatstroke,95,100,4,gloomCloud95,100,gloomCloud,38,3,
heatstroke96,heatstroke,96,100,4,gloomCloud96,100,gloomCloud,38,3,
heatstroke97,heatstroke,97,100,4,gloomCloud97,100,gloomCloud,38,3,
heatstroke98,heatstroke,98,100,4,gloomCloud98,100,gloomCloud,38,3,
heatstroke99,heatstroke,99,100,4,gloomCloud99,100,gloomCloud,38,3,
heatstroke100,heatstroke,100,100,4,gloomCloud100,100,gloomCloud,38,3,
heatstroke101,heatstroke,101,100,4,gloomCloud101,100,gloomCloud,38,3,
heatstroke102,heatstroke,102,100,4,gloomCloud102,100,gloomCloud,38,3,
heatstroke103,heatstroke,103,100,4,gloomCloud103,100,gloomCloud,38,3,
heatstroke104,heatstroke,104,100,4,gloomCloud104,100,gloomCloud,38,3,
heatstroke105,heatstroke,105,100,4,gloomCloud105,100,gloomCloud,38,3,
heatstroke106,heatstroke,106,100,4,gloomCloud106,100,gloomCloud,38,3,
heatstroke107,heatstroke,107,100,4,gloomCloud107,100,gloomCloud,38,3,
heatstroke108,heatstroke,108,100,4,gloomCloud108,100,gloomCloud,38,3,
heatstroke109,heatstroke,109,100,4,gloomCloud109,100,gloomCloud,38,3,
heatstroke110,heatstroke,110,100,4,gloomCloud110,100,gloomCloud,38,3,
heatstroke111,heatstroke,111,100,4,gloomCloud111,100,gloomCloud,38,3,
heatstroke112,heatstroke,112,100,4,gloomCloud112,100,gloomCloud,38,3,
heatstroke113,heatstroke,113,100,4,gloomCloud113,100,gloomCloud,38,3,
heatstroke114,heatstroke,114,100,4,gloomCloud114,100,gloomCloud,38,3,
heatstroke115,heatstroke,115,100,4,gloomCloud115,100,gloomCloud,38,3,
heatstroke116,heatstroke,116,100,4,gloomCloud116,100,gloomCloud,38,3,
heatstroke117,heatstroke,117,100,4,gloomCloud117,100,gloomCloud,38,3,
heatstroke118,heatstroke,118,100,4,gloomCloud118,100,gloomCloud,38,3,
heatstroke119,heatstroke,119,100,4,gloomCloud119,100,gloomCloud,38,3,
heatstroke120,heatstroke,120,100,4,gloomCloud120,100,gloomCloud,38,3,
heatstroke121,heatstroke,121,100,4,gloomCloud121,100,gloomCloud,38,3,
heatstroke122,heatstroke,122,100,4,gloomCloud122,100,gloomCloud,38,3,
heatstroke123,heatstroke,123,100,4,gloomCloud123,100,gloomCloud,38,3,
heatstroke124,heatstroke,124,100,4,gloomCloud124,100,gloomCloud,38,3,
heatstroke125,heatstroke,125,100,4,gloomCloud125,100,gloomCloud,38,3,
heatstroke126,heatstroke,126,100,4,gloomCloud126,100,gloomCloud,38,3,
heatstroke127,heatstroke,127,100,4,gloomCloud127,100,gloomCloud,38,3,
heatstroke128,heatstroke,128,100,4,gloomCloud128,100,gloomCloud,38,3,
heatstroke129,heatstroke,129,100,4,gloomCloud129,100,gloomCloud,38,3,
heatstroke130,heatstroke,130,100,4,gloomCloud130,100,gloomCloud,38,3,
heatstroke131,heatstroke,131,100,4,gloomCloud131,100,gloomCloud,38,3,
heatstroke132,heatstroke,132,100,4,gloomCloud132,100,gloomCloud,38,3,
heatstroke133,heatstroke,133,100,4,gloomCloud133,100,gloomCloud,38,3,
heatstroke134,heatstroke,134,100,4,gloomCloud134,100,gloomCloud,38,3,
heatstroke135,heatstroke,135,100,4,gloomCloud135,100,gloomCloud,38,3,
heatstroke136,heatstroke,136,100,4,gloomCloud136,100,gloomCloud,38,3,
heatstroke137,heatstroke,137,100,4,gloomCloud137,100,gloomCloud,38,3,
heatstroke138,heatstroke,138,100,4,gloomCloud138,100,gloomCloud,38,3,
heatstroke139,heatstroke,139,100,4,gloomCloud139,100,gloomCloud,38,3,
heatstroke140,heatstroke,140,100,4,gloomCloud140,100,gloomCloud,38,3,
heatstroke141,heatstroke,141,100,4,gloomCloud141,100,gloomCloud,38,3,
heatstroke142,heatstroke,142,100,4,gloomCloud142,100,gloomCloud,38,3,
heatstroke143,heatstroke,143,100,4,gloomCloud143,100,gloomCloud,38,3,
heatstroke144,heatstroke,144,100,4,gloomCloud144,100,gloomCloud,38,3,
heatstroke145,heatstroke,145,100,4,gloomCloud145,100,gloomCloud,38,3,
heatstroke146,heatstroke,146,100,4,gloomCloud146,100,gloomCloud,38,3,
heatstroke147,heatstroke,147,100,4,gloomCloud147,100,gloomCloud,38,3,
heatstroke148,heatstroke,148,100,4,gloomCloud148,100,gloomCloud,38,3,
heatstroke149,heatstroke,149,100,4,gloomCloud149,100,gloomCloud,38,3,
heatstroke150,heatstroke,150,100,4,gloomCloud150,100,gloomCloud,38,3,
heatstroke151,heatstroke,151,100,4,gloomCloud151,100,gloomCloud,38,3,
heatstroke152,heatstroke,152,100,4,gloomCloud152,100,gloomCloud,38,3,
heatstroke153,heatstroke,153,100,4,gloomCloud153,100,gloomCloud,38,3,
heatstroke154,heatstroke,154,100,4,gloomCloud154,100,gloomCloud,38,3,
heatstroke155,heatstroke,155,100,4,gloomCloud155,100,gloomCloud,38,3,
heatstroke156,heatstroke,156,100,4,gloomCloud156,100,gloomCloud,38,3,
heatstroke157,heatstroke,157,100,4,gloomCloud157,100,gloomCloud,38,3,
heatstroke158,heatstroke,158,100,4,gloomCloud158,100,gloomCloud,38,3,
heatstroke159,heatstroke,159,100,4,gloomCloud159,100,gloomCloud,38,3,
heatstroke160,heatstroke,160,100,4,gloomCloud160,100,gloomCloud,38,3,
heatstroke161,heatstroke,161,100,4,gloomCloud161,100,gloomCloud,38,3,
heatstroke162,heatstroke,162,100,4,gloomCloud162,100,gloomCloud,38,3,
heatstroke163,heatstroke,163,100,4,gloomCloud163,100,gloomCloud,38,3,
heatstroke164,heatstroke,164,100,4,gloomCloud164,100,gloomCloud,38,3,
heatstroke165,heatstroke,165,100,4,gloomCloud165,100,gloomCloud,38,3,
heatstroke166,heatstroke,166,100,4,gloomCloud166,100,gloomCloud,38,3,
heatstroke167,heatstroke,167,100,4,gloomCloud167,100,gloomCloud,38,3,
heatstroke168,heatstroke,168,100,4,gloomCloud168,100,gloomCloud,38,3,
heatstroke169,heatstroke,169,100,4,gloomCloud169,100,gloomCloud,38,3,
heatstroke170,heatstroke,170,100,4,gloomCloud170,100,gloomCloud,38,3,
heatstroke171,heatstroke,171,100,4,gloomCloud171,100,gloomCloud,38,3,
heatstroke172,heatstroke,172,100,4,gloomCloud172,100,gloomCloud,38,3,
heatstroke173,heatstroke,173,100,4,gloomCloud173,100,gloomCloud,38,3,
heatstroke174,heatstroke,174,100,4,gloomCloud174,100,gloomCloud,38,3,
heatstroke175,heatstroke,175,100,4,gloomCloud175,100,gloomCloud,38,3,
heatstroke176,heatstroke,176,100,4,gloomCloud176,100,gloomCloud,38,3,
heatstroke177,heatstroke,177,100,4,gloomCloud177,100,gloomCloud,38,3,
heatstroke178,heatstroke,178,100,4,gloomCloud178,100,gloomCloud,38,3,
heatstroke179,heatstroke,179,100,4,gloomCloud179,100,gloomCloud,38,3,
heatstroke180,heatstroke,180,100,4,gloomCloud180,100,gloomCloud,38,3,
heatstroke181,heatstroke,181,100,4,gloomCloud181,100,gloomCloud,38,3,
heatstroke182,heatstroke,182,100,4,gloomCloud182,100,gloomCloud,38,3,
heatstroke183,heatstroke,183,100,4,gloomCloud183,100,gloomCloud,38,3,
heatstroke184,heatstroke,184,100,4,gloomCloud184,100,gloomCloud,38,3,
heatstroke185,heatstroke,185,100,4,gloomCloud185,100,gloomCloud,38,3,
heatstroke186,heatstroke,186,100,4,gloomCloud186,100,gloomCloud,38,3,
heatstroke187,heatstroke,187,100,4,gloomCloud187,100,gloomCloud,38,3,
heatstroke188,heatstroke,188,100,4,gloomCloud188,100,gloomCloud,38,3,
heatstroke189,heatstroke,189,100,4,gloomCloud189,100,gloomCloud,38,3,
heatstroke190,heatstroke,190,100,4,gloomCloud190,100,gloomCloud,38,3,
heatstroke191,heatstroke,191,100,4,gloomCloud191,100,gloomCloud,38,3,
heatstroke192,heatstroke,192,100,4,gloomCloud192,100,gloomCloud,38,3,
heatstroke193,heatstroke,193,100,4,gloomCloud193,100,gloomCloud,38,3,
heatstroke194,heatstroke,194,100,4,gloomCloud194,100,gloomCloud,38,3,
heatstroke195,heatstroke,195,100,4,gloomCloud195,100,gloomCloud,38,3,
heatstroke196,heatstroke,196,100,4,gloomCloud196,100,gloomCloud,38,3,
heatstroke197,heatstroke,197,100,4,gloomCloud197,100,gloomCloud,38,3,
heatstroke198,heatstroke,198,100,4,gloomCloud198,100,gloomCloud,38,3,
heatstroke199,heatstroke,199,100,4,gloomCloud199,100,gloomCloud,38,3,
heatstroke200,heatstroke,200,100,4,gloomCloud200,100,gloomCloud,38,3,
heatstroke201,heatstroke,201,100,4,gloomCloud201,100,gloomCloud,38,3,
heatstroke202,heatstroke,202,100,4,gloomCloud202,100,gloomCloud,38,3,
heatstroke203,heatstroke,203,100,4,gloomCloud203,100,gloomCloud,38,3,
heatstroke204,heatstroke,204,100,4,gloomCloud204,100,gloomCloud,38,3,
heatstroke205,heatstroke,205,100,4,gloomCloud205,100,gloomCloud,38,3,
heatstroke206,heatstroke,206,100,4,gloomCloud206,100,gloomCloud,38,3,
heatstroke207,heatstroke,207,100,4,gloomCloud207,100,gloomCloud,38,3,
heatstroke208,heatstroke,208,100,4,gloomCloud208,100,gloomCloud,38,3,
heatstroke209,heatstroke,209,100,4,gloomCloud209,100,gloomCloud,38,3,
heatstroke210,heatstroke,210,100,4,gloomCloud210,100,gloomCloud,38,3,
heatstroke211,heatstroke,211,100,4,gloomCloud211,100,gloomCloud,38,3,
heatstroke212,heatstroke,212,100,4,gloomCloud212,100,gloomCloud,38,3,
heatstroke213,heatstroke,213,100,4,gloomCloud213,100,gloomCloud,38,3,
heatstroke214,heatstroke,214,100,4,gloomCloud214,100,gloomCloud,38,3,
heatstroke215,heatstroke,215,100,4,gloomCloud215,100,gloomCloud,38,3,
heatstroke216,heatstroke,216,100,4,gloomCloud216,100,gloomCloud,38,3,
heatstroke217,heatstroke,217,100,4,gloomCloud217,100,gloomCloud,38,3,
heatstroke218,heatstroke,218,100,4,gloomCloud218,100,gloomCloud,38,3,
heatstroke219,heatstroke,219,100,4,gloomCloud219,100,gloomCloud,38,3,
heatstroke220,heatstroke,220,100,4,gloomCloud220,100,gloomCloud,38,3,
wintersBite1,wintersBite,1,100,4.5,freeze01,200,freeze,54,3,
maleficBreath1,,1,100,3,gloomCloud01,100,gloomCloud,,,
maleficBreath2,,2,100,3,gloomCloud02,100,gloomCloud,,,
maleficBreath3,,3,100,3,gloomCloud03,100,gloomCloud,,,
maleficBreath4,,4,100,3,gloomCloud04,100,gloomCloud,,,
maleficBreath5,,5,100,3,gloomCloud05,100,gloomCloud,,,
maleficBreath6,,6,100,3,gloomCloud06,100,gloomCloud,,,
maleficBreath7,,7,100,3,gloomCloud07,100,gloomCloud,,,
maleficBreath8,,8,100,3,gloomCloud08,100,gloomCloud,,,
maleficBreath9,,9,100,3,gloomCloud09,100,gloomCloud,,,
maleficBreath10,,10,100,3,gloomCloud10,100,gloomCloud,,,
maleficBreath11,,11,100,3,gloomCloud11,100,gloomCloud,,,
maleficBreath12,,12,100,3,gloomCloud12,100,gloomCloud,,,
maleficBreath13,,13,100,3,gloomCloud13,100,gloomCloud,,,
maleficBreath14,,14,100,3,gloomCloud14,100,gloomCloud,,,
maleficBreath15,,15,100,3,gloomCloud15,100,gloomCloud,,,
maleficBreath16,,16,100,3,gloomCloud16,100,gloomCloud,,,
maleficBreath17,,17,100,3,gloomCloud17,100,gloomCloud,,,
maleficBreath18,,18,100,3,gloomCloud18,100,gloomCloud,,,
maleficBreath19,,19,100,3,gloomCloud19,100,gloomCloud,,,
maleficBreath20,,20,100,3,gloomCloud20,100,gloomCloud,,,
maleficBreath21,,21,100,3,gloomCloud21,100,gloomCloud,,,
maleficBreath22,,22,100,3,gloomCloud22,100,gloomCloud,,,
maleficBreath23,,23,100,3,gloomCloud23,100,gloomCloud,,,
maleficBreath24,,24,100,3,gloomCloud24,100,gloomCloud,,,
maleficBreath25,,25,100,3,gloomCloud25,100,gloomCloud,,,
maleficBreath26,,26,100,3,gloomCloud26,100,gloomCloud,,,
maleficBreath27,,27,100,3,gloomCloud27,100,gloomCloud,,,
maleficBreath28,,28,100,3,gloomCloud28,100,gloomCloud,,,
maleficBreath29,,29,100,3,gloomCloud29,100,gloomCloud,,,
maleficBreath30,,30,100,3,gloomCloud30,100,gloomCloud,,,
maleficBreath31,,31,100,3,gloomCloud31,100,gloomCloud,,,
maleficBreath32,,32,100,3,gloomCloud32,100,gloomCloud,,,
maleficBreath33,,33,100,3,gloomCloud33,100,gloomCloud,,,
maleficBreath34,,34,100,3,gloomCloud34,100,gloomCloud,,,
maleficBreath35,,35,100,3,gloomCloud35,100,gloomCloud,,,
maleficBreath36,,36,100,3,gloomCloud36,100,gloomCloud,,,
maleficBreath37,,37,100,3,gloomCloud37,100,gloomCloud,,,
maleficBreath38,,38,100,3,gloomCloud38,100,gloomCloud,,,
maleficBreath39,,39,100,3,gloomCloud39,100,gloomCloud,,,
maleficBreath40,,40,100,3,gloomCloud40,100,gloomCloud,,,
maleficBreath41,,41,100,3,gloomCloud41,100,gloomCloud,,,
maleficBreath42,,42,100,3,gloomCloud42,100,gloomCloud,,,
maleficBreath43,,43,100,3,gloomCloud43,100,gloomCloud,,,
maleficBreath44,,44,100,3,gloomCloud44,100,gloomCloud,,,
maleficBreath45,,45,100,3,gloomCloud45,100,gloomCloud,,,
maleficBreath46,,46,100,3,gloomCloud46,100,gloomCloud,,,
maleficBreath47,,47,100,3,gloomCloud47,100,gloomCloud,,,
maleficBreath48,,48,100,3,gloomCloud48,100,gloomCloud,,,
maleficBreath49,,49,100,3,gloomCloud49,100,gloomCloud,,,
maleficBreath50,,50,100,3,gloomCloud50,100,gloomCloud,,,
maleficBreath51,,51,100,3,gloomCloud51,100,gloomCloud,,,
maleficBreath52,,52,100,3,gloomCloud52,100,gloomCloud,,,
maleficBreath53,,53,100,3,gloomCloud53,100,gloomCloud,,,
maleficBreath54,,54,100,3,gloomCloud54,100,gloomCloud,,,
maleficBreath55,,55,100,3,gloomCloud55,100,gloomCloud,,,
maleficBreath56,,56,100,3,gloomCloud56,100,gloomCloud,,,
maleficBreath57,,57,100,3,gloomCloud57,100,gloomCloud,,,
maleficBreath58,,58,100,3,gloomCloud58,100,gloomCloud,,,
maleficBreath59,,59,100,3,gloomCloud59,100,gloomCloud,,,
maleficBreath60,,60,100,3,gloomCloud60,100,gloomCloud,,,
maleficBreath61,,61,100,3,gloomCloud61,100,gloomCloud,,,
maleficBreath62,,62,100,3,gloomCloud62,100,gloomCloud,,,
maleficBreath63,,63,100,3,gloomCloud63,100,gloomCloud,,,
maleficBreath64,,64,100,3,gloomCloud64,100,gloomCloud,,,
maleficBreath65,,65,100,3,gloomCloud65,100,gloomCloud,,,
maleficBreath66,,66,100,3,gloomCloud66,100,gloomCloud,,,
maleficBreath67,,67,100,3,gloomCloud67,100,gloomCloud,,,
maleficBreath68,,68,100,3,gloomCloud68,100,gloomCloud,,,
maleficBreath69,,69,100,3,gloomCloud69,100,gloomCloud,,,
maleficBreath70,,70,100,3,gloomCloud70,100,gloomCloud,,,
maleficBreath71,,71,100,3,gloomCloud71,100,gloomCloud,,,
maleficBreath72,,72,100,3,gloomCloud72,100,gloomCloud,,,
maleficBreath73,,73,100,3,gloomCloud73,100,gloomCloud,,,
maleficBreath74,,74,100,3,gloomCloud74,100,gloomCloud,,,
maleficBreath75,,75,100,3,gloomCloud75,100,gloomCloud,,,
maleficBreath76,,76,100,3,gloomCloud76,100,gloomCloud,,,
maleficBreath77,,77,100,3,gloomCloud77,100,gloomCloud,,,
maleficBreath78,,78,100,3,gloomCloud78,100,gloomCloud,,,
maleficBreath79,,79,100,3,gloomCloud79,100,gloomCloud,,,
maleficBreath80,,80,100,3,gloomCloud80,100,gloomCloud,,,
maleficBreath81,,81,100,3,gloomCloud81,100,gloomCloud,,,
maleficBreath82,,82,100,3,gloomCloud82,100,gloomCloud,,,
maleficBreath83,,83,100,3,gloomCloud83,100,gloomCloud,,,
maleficBreath84,,84,100,3,gloomCloud84,100,gloomCloud,,,
maleficBreath85,,85,100,3,gloomCloud85,100,gloomCloud,,,
maleficBreath86,,86,100,3,gloomCloud86,100,gloomCloud,,,
maleficBreath87,,87,100,3,gloomCloud87,100,gloomCloud,,,
maleficBreath88,,88,100,3,gloomCloud88,100,gloomCloud,,,
maleficBreath89,,89,100,3,gloomCloud89,100,gloomCloud,,,
maleficBreath90,,90,100,3,gloomCloud90,100,gloomCloud,,,
maleficBreath91,,91,100,3,gloomCloud91,100,gloomCloud,,,
maleficBreath92,,92,100,3,gloomCloud92,100,gloomCloud,,,
maleficBreath93,,93,100,3,gloomCloud93,100,gloomCloud,,,
maleficBreath94,,94,100,3,gloomCloud94,100,gloomCloud,,,
maleficBreath95,,95,100,3,gloomCloud95,100,gloomCloud,,,
maleficBreath96,,96,100,3,gloomCloud96,100,gloomCloud,,,
maleficBreath97,,97,100,3,gloomCloud97,100,gloomCloud,,,
maleficBreath98,,98,100,3,gloomCloud98,100,gloomCloud,,,
maleficBreath99,,99,100,3,gloomCloud99,100,gloomCloud,,,
maleficBreath100,,100,100,3,gloomCloud100,100,gloomCloud,,,
maleficBreath101,,101,100,3,gloomCloud101,100,gloomCloud,,,
maleficBreath102,,102,100,3,gloomCloud102,100,gloomCloud,,,
maleficBreath103,,103,100,3,gloomCloud103,100,gloomCloud,,,
maleficBreath104,,104,100,3,gloomCloud104,100,gloomCloud,,,
maleficBreath105,,105,100,3,gloomCloud105,100,gloomCloud,,,
maleficBreath106,,106,100,3,gloomCloud106,100,gloomCloud,,,
maleficBreath107,,107,100,3,gloomCloud107,100,gloomCloud,,,
maleficBreath108,,108,100,3,gloomCloud108,100,gloomCloud,,,
maleficBreath109,,109,100,3,gloomCloud109,100,gloomCloud,,,
maleficBreath110,,110,100,3,gloomCloud110,100,gloomCloud,,,
maleficBreath111,,111,100,3,gloomCloud111,100,gloomCloud,,,
maleficBreath112,,112,100,3,gloomCloud112,100,gloomCloud,,,
maleficBreath113,,113,100,3,gloomCloud113,100,gloomCloud,,,
maleficBreath114,,114,100,3,gloomCloud114,100,gloomCloud,,,
maleficBreath115,,115,100,3,gloomCloud115,100,gloomCloud,,,
maleficBreath116,,116,100,3,gloomCloud116,100,gloomCloud,,,
maleficBreath117,,117,100,3,gloomCloud117,100,gloomCloud,,,
maleficBreath118,,118,100,3,gloomCloud118,100,gloomCloud,,,
maleficBreath119,,119,100,3,gloomCloud119,100,gloomCloud,,,
maleficBreath120,,120,100,3,gloomCloud120,100,gloomCloud,,,
maleficBreath121,,121,100,3,gloomCloud121,100,gloomCloud,,,
maleficBreath122,,122,100,3,gloomCloud122,100,gloomCloud,,,
maleficBreath123,,123,100,3,gloomCloud123,100,gloomCloud,,,
maleficBreath124,,124,100,3,gloomCloud124,100,gloomCloud,,,
maleficBreath125,,125,100,3,gloomCloud125,100,gloomCloud,,,
maleficBreath126,,126,100,3,gloomCloud126,100,gloomCloud,,,
maleficBreath127,,127,100,3,gloomCloud127,100,gloomCloud,,,
maleficBreath128,,128,100,3,gloomCloud128,100,gloomCloud,,,
maleficBreath129,,129,100,3,gloomCloud129,100,gloomCloud,,,
maleficBreath130,,130,100,3,gloomCloud130,100,gloomCloud,,,
maleficBreath131,,131,100,3,gloomCloud131,100,gloomCloud,,,
maleficBreath132,,132,100,3,gloomCloud132,100,gloomCloud,,,
maleficBreath133,,133,100,3,gloomCloud133,100,gloomCloud,,,
maleficBreath134,,134,100,3,gloomCloud134,100,gloomCloud,,,
maleficBreath135,,135,100,3,gloomCloud135,100,gloomCloud,,,
maleficBreath136,,136,100,3,gloomCloud136,100,gloomCloud,,,
maleficBreath137,,137,100,3,gloomCloud137,100,gloomCloud,,,
maleficBreath138,,138,100,3,gloomCloud138,100,gloomCloud,,,
maleficBreath139,,139,100,3,gloomCloud139,100,gloomCloud,,,
maleficBreath140,,140,100,3,gloomCloud140,100,gloomCloud,,,
maleficBreath141,,141,100,3,gloomCloud141,100,gloomCloud,,,
maleficBreath142,,142,100,3,gloomCloud142,100,gloomCloud,,,
maleficBreath143,,143,100,3,gloomCloud143,100,gloomCloud,,,
maleficBreath144,,144,100,3,gloomCloud144,100,gloomCloud,,,
maleficBreath145,,145,100,3,gloomCloud145,100,gloomCloud,,,
maleficBreath146,,146,100,3,gloomCloud146,100,gloomCloud,,,
maleficBreath147,,147,100,3,gloomCloud147,100,gloomCloud,,,
maleficBreath148,,148,100,3,gloomCloud148,100,gloomCloud,,,
maleficBreath149,,149,100,3,gloomCloud149,100,gloomCloud,,,
maleficBreath150,,150,100,3,gloomCloud150,100,gloomCloud,,,
maleficBreath151,,151,100,3,gloomCloud151,100,gloomCloud,,,
maleficBreath152,,152,100,3,gloomCloud152,100,gloomCloud,,,
maleficBreath153,,153,100,3,gloomCloud153,100,gloomCloud,,,
maleficBreath154,,154,100,3,gloomCloud154,100,gloomCloud,,,
maleficBreath155,,155,100,3,gloomCloud155,100,gloomCloud,,,
maleficBreath156,,156,100,3,gloomCloud156,100,gloomCloud,,,
maleficBreath157,,157,100,3,gloomCloud157,100,gloomCloud,,,
maleficBreath158,,158,100,3,gloomCloud158,100,gloomCloud,,,
maleficBreath159,,159,100,3,gloomCloud159,100,gloomCloud,,,
maleficBreath160,,160,100,3,gloomCloud160,100,gloomCloud,,,
maleficBreath161,,161,100,3,gloomCloud161,100,gloomCloud,,,
maleficBreath162,,162,100,3,gloomCloud162,100,gloomCloud,,,
maleficBreath163,,163,100,3,gloomCloud163,100,gloomCloud,,,
maleficBreath164,,164,100,3,gloomCloud164,100,gloomCloud,,,
maleficBreath165,,165,100,3,gloomCloud165,100,gloomCloud,,,
maleficBreath166,,166,100,3,gloomCloud166,100,gloomCloud,,,
maleficBreath167,,167,100,3,gloomCloud167,100,gloomCloud,,,
maleficBreath168,,168,100,3,gloomCloud168,100,gloomCloud,,,
maleficBreath169,,169,100,3,gloomCloud169,100,gloomCloud,,,
maleficBreath170,,170,100,3,gloomCloud170,100,gloomCloud,,,
maleficBreath171,,171,100,3,gloomCloud171,100,gloomCloud,,,
maleficBreath172,,172,100,3,gloomCloud172,100,gloomCloud,,,
maleficBreath173,,173,100,3,gloomCloud173,100,gloomCloud,,,
maleficBreath174,,174,100,3,gloomCloud174,100,gloomCloud,,,
maleficBreath175,,175,100,3,gloomCloud175,100,gloomCloud,,,
maleficBreath176,,176,100,3,gloomCloud176,100,gloomCloud,,,
maleficBreath177,,177,100,3,gloomCloud177,100,gloomCloud,,,
maleficBreath178,,178,100,3,gloomCloud178,100,gloomCloud,,,
maleficBreath179,,179,100,3,gloomCloud179,100,gloomCloud,,,
maleficBreath180,,180,100,3,gloomCloud180,100,gloomCloud,,,
maleficBreath181,,181,100,3,gloomCloud181,100,gloomCloud,,,
maleficBreath182,,182,100,3,gloomCloud182,100,gloomCloud,,,
maleficBreath183,,183,100,3,gloomCloud183,100,gloomCloud,,,
maleficBreath184,,184,100,3,gloomCloud184,100,gloomCloud,,,
maleficBreath185,,185,100,3,gloomCloud185,100,gloomCloud,,,
maleficBreath186,,186,100,3,gloomCloud186,100,gloomCloud,,,
maleficBreath187,,187,100,3,gloomCloud187,100,gloomCloud,,,
maleficBreath188,,188,100,3,gloomCloud188,100,gloomCloud,,,
maleficBreath189,,189,100,3,gloomCloud189,100,gloomCloud,,,
maleficBreath190,,190,100,3,gloomCloud190,100,gloomCloud,,,
maleficBreath191,,191,100,3,gloomCloud191,100,gloomCloud,,,
maleficBreath192,,192,100,3,gloomCloud192,100,gloomCloud,,,
maleficBreath193,,193,100,3,gloomCloud193,100,gloomCloud,,,
maleficBreath194,,194,100,3,gloomCloud194,100,gloomCloud,,,
maleficBreath195,,195,100,3,gloomCloud195,100,gloomCloud,,,
maleficBreath196,,196,100,3,gloomCloud196,100,gloomCloud,,,
maleficBreath197,,197,100,3,gloomCloud197,100,gloomCloud,,,
maleficBreath198,,198,100,3,gloomCloud198,100,gloomCloud,,,
maleficBreath199,,199,100,3,gloomCloud199,100,gloomCloud,,,
maleficBreath200,,200,100,3,gloomCloud200,100,gloomCloud,,,
maleficBreath201,,201,100,3,gloomCloud201,100,gloomCloud,,,
maleficBreath202,,202,100,3,gloomCloud202,100,gloomCloud,,,
maleficBreath203,,203,100,3,gloomCloud203,100,gloomCloud,,,
maleficBreath204,,204,100,3,gloomCloud204,100,gloomCloud,,,
maleficBreath205,,205,100,3,gloomCloud205,100,gloomCloud,,,
maleficBreath206,,206,100,3,gloomCloud206,100,gloomCloud,,,
maleficBreath207,,207,100,3,gloomCloud207,100,gloomCloud,,,
maleficBreath208,,208,100,3,gloomCloud208,100,gloomCloud,,,
maleficBreath209,,209,100,3,gloomCloud209,100,gloomCloud,,,
maleficBreath210,,210,100,3,gloomCloud210,100,gloomCloud,,,
maleficBreath211,,211,100,3,gloomCloud211,100,gloomCloud,,,
maleficBreath212,,212,100,3,gloomCloud212,100,gloomCloud,,,
maleficBreath213,,213,100,3,gloomCloud213,100,gloomCloud,,,
maleficBreath214,,214,100,3,gloomCloud214,100,gloomCloud,,,
maleficBreath215,,215,100,3,gloomCloud215,100,gloomCloud,,,
maleficBreath216,,216,100,3,gloomCloud216,100,gloomCloud,,,
maleficBreath217,,217,100,3,gloomCloud217,100,gloomCloud,,,
maleficBreath218,,218,100,3,gloomCloud218,100,gloomCloud,,,
maleficBreath219,,219,100,3,gloomCloud219,100,gloomCloud,,,
maleficBreath220,,220,100,3,gloomCloud220,100,gloomCloud,,,
ashenBreath1,ashenBreath,1,100,3,gloomCloud600,100,gloomCloud,,,
ashenBreath2,ashenBreath,2,100,3,gloomCloud601,100,gloomCloud,,,
ashenBreath3,ashenBreath,3,100,3,gloomCloud602,100,gloomCloud,,,
ashenBreath4,ashenBreath,4,100,3,gloomCloud603,100,gloomCloud,,,
ashenBreath5,ashenBreath,5,100,3,gloomCloud604,100,gloomCloud,,,
ashenBreath6,ashenBreath,6,100,3,gloomCloud605,100,gloomCloud,,,
ashenBreath7,ashenBreath,7,100,3,gloomCloud606,100,gloomCloud,,,
ashenBreath8,ashenBreath,8,100,3,gloomCloud607,100,gloomCloud,,,
ashenBreath9,ashenBreath,9,100,3,gloomCloud608,100,gloomCloud,,,
ashenBreath10,ashenBreath,10,100,3,gloomCloud609,100,gloomCloud,,,
ashenBreath11,ashenBreath,11,100,3,gloomCloud610,100,gloomCloud,,,
ashenBreath12,ashenBreath,12,100,3,gloomCloud611,100,gloomCloud,,,
ashenBreath13,ashenBreath,13,100,3,gloomCloud612,100,gloomCloud,,,
ashenBreath14,ashenBreath,14,100,3,gloomCloud613,100,gloomCloud,,,
ashenBreath15,ashenBreath,15,100,3,gloomCloud614,100,gloomCloud,,,
ashenBreath16,ashenBreath,16,100,3,gloomCloud615,100,gloomCloud,,,
ashenBreath17,ashenBreath,17,100,3,gloomCloud616,100,gloomCloud,,,
ashenBreath18,ashenBreath,18,100,3,gloomCloud617,100,gloomCloud,,,
ashenBreath19,ashenBreath,19,100,3,gloomCloud618,100,gloomCloud,,,
ashenBreath20,ashenBreath,20,100,3,gloomCloud619,100,gloomCloud,,,
ashenBreath21,ashenBreath,21,100,3,gloomCloud620,100,gloomCloud,,,
ashenBreath22,ashenBreath,22,100,3,gloomCloud621,100,gloomCloud,,,
ashenBreath23,ashenBreath,23,100,3,gloomCloud622,100,gloomCloud,,,
ashenBreath24,ashenBreath,24,100,3,gloomCloud623,100,gloomCloud,,,
ashenBreath25,ashenBreath,25,100,3,gloomCloud624,100,gloomCloud,,,
ashenBreath26,ashenBreath,26,100,3,gloomCloud625,100,gloomCloud,,,
ashenBreath27,ashenBreath,27,100,3,gloomCloud626,100,gloomCloud,,,
ashenBreath28,ashenBreath,28,100,3,gloomCloud627,100,gloomCloud,,,
ashenBreath29,ashenBreath,29,100,3,gloomCloud628,100,gloomCloud,,,
ashenBreath30,ashenBreath,30,100,3,gloomCloud629,100,gloomCloud,,,
ashenBreath31,ashenBreath,31,100,3,gloomCloud630,100,gloomCloud,,,
ashenBreath32,ashenBreath,32,100,3,gloomCloud631,100,gloomCloud,,,
ashenBreath33,ashenBreath,33,100,3,gloomCloud632,100,gloomCloud,,,
ashenBreath34,ashenBreath,34,100,3,gloomCloud633,100,gloomCloud,,,
ashenBreath35,ashenBreath,35,100,3,gloomCloud634,100,gloomCloud,,,
ashenBreath36,ashenBreath,36,100,3,gloomCloud635,100,gloomCloud,,,
ashenBreath37,ashenBreath,37,100,3,gloomCloud636,100,gloomCloud,,,
ashenBreath38,ashenBreath,38,100,3,gloomCloud637,100,gloomCloud,,,
ashenBreath39,ashenBreath,39,100,3,gloomCloud638,100,gloomCloud,,,
ashenBreath40,ashenBreath,40,100,3,gloomCloud639,100,gloomCloud,,,
ashenBreath41,ashenBreath,41,100,3,gloomCloud640,100,gloomCloud,,,
ashenBreath42,ashenBreath,42,100,3,gloomCloud641,100,gloomCloud,,,
ashenBreath43,ashenBreath,43,100,3,gloomCloud642,100,gloomCloud,,,
ashenBreath44,ashenBreath,44,100,3,gloomCloud643,100,gloomCloud,,,
ashenBreath45,ashenBreath,45,100,3,gloomCloud644,100,gloomCloud,,,
ashenBreath46,ashenBreath,46,100,3,gloomCloud645,100,gloomCloud,,,
ashenBreath47,ashenBreath,47,100,3,gloomCloud646,100,gloomCloud,,,
ashenBreath48,ashenBreath,48,100,3,gloomCloud647,100,gloomCloud,,,
ashenBreath49,ashenBreath,49,100,3,gloomCloud648,100,gloomCloud,,,
ashenBreath50,ashenBreath,50,100,3,gloomCloud649,100,gloomCloud,,,
ashenBreath51,ashenBreath,51,100,3,gloomCloud650,100,gloomCloud,,,
ashenBreath52,ashenBreath,52,100,3,gloomCloud651,100,gloomCloud,,,
ashenBreath53,ashenBreath,53,100,3,gloomCloud652,100,gloomCloud,,,
ashenBreath54,ashenBreath,54,100,3,gloomCloud653,100,gloomCloud,,,
ashenBreath55,ashenBreath,55,100,3,gloomCloud654,100,gloomCloud,,,
ashenBreath56,ashenBreath,56,100,3,gloomCloud655,100,gloomCloud,,,
ashenBreath57,ashenBreath,57,100,3,gloomCloud656,100,gloomCloud,,,
ashenBreath58,ashenBreath,58,100,3,gloomCloud657,100,gloomCloud,,,
ashenBreath59,ashenBreath,59,100,3,gloomCloud658,100,gloomCloud,,,
ashenBreath60,ashenBreath,60,100,3,gloomCloud659,100,gloomCloud,,,
ashenBreath61,ashenBreath,61,100,3,gloomCloud660,100,gloomCloud,,,
ashenBreath62,ashenBreath,62,100,3,gloomCloud661,100,gloomCloud,,,
ashenBreath63,ashenBreath,63,100,3,gloomCloud662,100,gloomCloud,,,
ashenBreath64,ashenBreath,64,100,3,gloomCloud663,100,gloomCloud,,,
ashenBreath65,ashenBreath,65,100,3,gloomCloud664,100,gloomCloud,,,
ashenBreath66,ashenBreath,66,100,3,gloomCloud665,100,gloomCloud,,,
ashenBreath67,ashenBreath,67,100,3,gloomCloud666,100,gloomCloud,,,
ashenBreath68,ashenBreath,68,100,3,gloomCloud667,100,gloomCloud,,,
ashenBreath69,ashenBreath,69,100,3,gloomCloud668,100,gloomCloud,,,
ashenBreath70,ashenBreath,70,100,3,gloomCloud669,100,gloomCloud,,,
ashenBreath71,ashenBreath,71,100,3,gloomCloud670,100,gloomCloud,,,
ashenBreath72,ashenBreath,72,100,3,gloomCloud671,100,gloomCloud,,,
ashenBreath73,ashenBreath,73,100,3,gloomCloud672,100,gloomCloud,,,
ashenBreath74,ashenBreath,74,100,3,gloomCloud673,100,gloomCloud,,,
ashenBreath75,ashenBreath,75,100,3,gloomCloud674,100,gloomCloud,,,
ashenBreath76,ashenBreath,76,100,3,gloomCloud675,100,gloomCloud,,,
ashenBreath77,ashenBreath,77,100,3,gloomCloud676,100,gloomCloud,,,
ashenBreath78,ashenBreath,78,100,3,gloomCloud677,100,gloomCloud,,,
ashenBreath79,ashenBreath,79,100,3,gloomCloud678,100,gloomCloud,,,
ashenBreath80,ashenBreath,80,100,3,gloomCloud679,100,gloomCloud,,,
ashenBreath81,ashenBreath,81,100,3,gloomCloud680,100,gloomCloud,,,
ashenBreath82,ashenBreath,82,100,3,gloomCloud681,100,gloomCloud,,,
ashenBreath83,ashenBreath,83,100,3,gloomCloud682,100,gloomCloud,,,
ashenBreath84,ashenBreath,84,100,3,gloomCloud683,100,gloomCloud,,,
ashenBreath85,ashenBreath,85,100,3,gloomCloud684,100,gloomCloud,,,
ashenBreath86,ashenBreath,86,100,3,gloomCloud685,100,gloomCloud,,,
ashenBreath87,ashenBreath,87,100,3,gloomCloud686,100,gloomCloud,,,
ashenBreath88,ashenBreath,88,100,3,gloomCloud687,100,gloomCloud,,,
ashenBreath89,ashenBreath,89,100,3,gloomCloud688,100,gloomCloud,,,
ashenBreath90,ashenBreath,90,100,3,gloomCloud689,100,gloomCloud,,,
ashenBreath91,ashenBreath,91,100,3,gloomCloud690,100,gloomCloud,,,
ashenBreath92,ashenBreath,92,100,3,gloomCloud691,100,gloomCloud,,,
ashenBreath93,ashenBreath,93,100,3,gloomCloud692,100,gloomCloud,,,
ashenBreath94,ashenBreath,94,100,3,gloomCloud693,100,gloomCloud,,,
ashenBreath95,ashenBreath,95,100,3,gloomCloud694,100,gloomCloud,,,
ashenBreath96,ashenBreath,96,100,3,gloomCloud695,100,gloomCloud,,,
ashenBreath97,ashenBreath,97,100,3,gloomCloud696,100,gloomCloud,,,
ashenBreath98,ashenBreath,98,100,3,gloomCloud697,100,gloomCloud,,,
ashenBreath99,ashenBreath,99,100,3,gloomCloud698,100,gloomCloud,,,
ashenBreath100,ashenBreath,100,100,3,gloomCloud699,100,gloomCloud,,,
ashenBreath101,ashenBreath,101,100,3,gloomCloud700,100,gloomCloud,,,
ashenBreath102,ashenBreath,102,100,3,gloomCloud701,100,gloomCloud,,,
ashenBreath103,ashenBreath,103,100,3,gloomCloud702,100,gloomCloud,,,
ashenBreath104,ashenBreath,104,100,3,gloomCloud703,100,gloomCloud,,,
ashenBreath105,ashenBreath,105,100,3,gloomCloud704,100,gloomCloud,,,
ashenBreath106,ashenBreath,106,100,3,gloomCloud705,100,gloomCloud,,,
ashenBreath107,ashenBreath,107,100,3,gloomCloud706,100,gloomCloud,,,
ashenBreath108,ashenBreath,108,100,3,gloomCloud707,100,gloomCloud,,,
ashenBreath109,ashenBreath,109,100,3,gloomCloud708,100,gloomCloud,,,
ashenBreath110,ashenBreath,110,100,3,gloomCloud709,100,gloomCloud,,,
ashenBreath111,ashenBreath,111,100,3,gloomCloud710,100,gloomCloud,,,
ashenBreath112,ashenBreath,112,100,3,gloomCloud711,100,gloomCloud,,,
ashenBreath113,ashenBreath,113,100,3,gloomCloud712,100,gloomCloud,,,
ashenBreath114,ashenBreath,114,100,3,gloomCloud713,100,gloomCloud,,,
ashenBreath115,ashenBreath,115,100,3,gloomCloud714,100,gloomCloud,,,
ashenBreath116,ashenBreath,116,100,3,gloomCloud715,100,gloomCloud,,,
ashenBreath117,ashenBreath,117,100,3,gloomCloud716,100,gloomCloud,,,
ashenBreath118,ashenBreath,118,100,3,gloomCloud717,100,gloomCloud,,,
ashenBreath119,ashenBreath,119,100,3,gloomCloud718,100,gloomCloud,,,
ashenBreath120,ashenBreath,120,100,3,gloomCloud719,100,gloomCloud,,,
ashenBreath121,ashenBreath,121,100,3,gloomCloud720,100,gloomCloud,,,
ashenBreath122,ashenBreath,122,100,3,gloomCloud721,100,gloomCloud,,,
ashenBreath123,ashenBreath,123,100,3,gloomCloud722,100,gloomCloud,,,
ashenBreath124,ashenBreath,124,100,3,gloomCloud723,100,gloomCloud,,,
ashenBreath125,ashenBreath,125,100,3,gloomCloud724,100,gloomCloud,,,
ashenBreath126,ashenBreath,126,100,3,gloomCloud725,100,gloomCloud,,,
ashenBreath127,ashenBreath,127,100,3,gloomCloud726,100,gloomCloud,,,
ashenBreath128,ashenBreath,128,100,3,gloomCloud727,100,gloomCloud,,,
ashenBreath129,ashenBreath,129,100,3,gloomCloud728,100,gloomCloud,,,
ashenBreath130,ashenBreath,130,100,3,gloomCloud729,100,gloomCloud,,,
ashenBreath131,ashenBreath,131,100,3,gloomCloud730,100,gloomCloud,,,
ashenBreath132,ashenBreath,132,100,3,gloomCloud731,100,gloomCloud,,,
ashenBreath133,ashenBreath,133,100,3,gloomCloud732,100,gloomCloud,,,
ashenBreath134,ashenBreath,134,100,3,gloomCloud733,100,gloomCloud,,,
ashenBreath135,ashenBreath,135,100,3,gloomCloud734,100,gloomCloud,,,
ashenBreath136,ashenBreath,136,100,3,gloomCloud735,100,gloomCloud,,,
ashenBreath137,ashenBreath,137,100,3,gloomCloud736,100,gloomCloud,,,
ashenBreath138,ashenBreath,138,100,3,gloomCloud737,100,gloomCloud,,,
ashenBreath139,ashenBreath,139,100,3,gloomCloud738,100,gloomCloud,,,
ashenBreath140,ashenBreath,140,100,3,gloomCloud739,100,gloomCloud,,,
ashenBreath141,ashenBreath,141,100,3,gloomCloud740,100,gloomCloud,,,
ashenBreath142,ashenBreath,142,100,3,gloomCloud741,100,gloomCloud,,,
ashenBreath143,ashenBreath,143,100,3,gloomCloud742,100,gloomCloud,,,
ashenBreath144,ashenBreath,144,100,3,gloomCloud743,100,gloomCloud,,,
ashenBreath145,ashenBreath,145,100,3,gloomCloud744,100,gloomCloud,,,
ashenBreath146,ashenBreath,146,100,3,gloomCloud745,100,gloomCloud,,,
ashenBreath147,ashenBreath,147,100,3,gloomCloud746,100,gloomCloud,,,
ashenBreath148,ashenBreath,148,100,3,gloomCloud747,100,gloomCloud,,,
ashenBreath149,ashenBreath,149,100,3,gloomCloud748,100,gloomCloud,,,
ashenBreath150,ashenBreath,150,100,3,gloomCloud749,100,gloomCloud,,,
ashenBreath151,ashenBreath,151,100,3,gloomCloud750,100,gloomCloud,,,
ashenBreath152,ashenBreath,152,100,3,gloomCloud751,100,gloomCloud,,,
ashenBreath153,ashenBreath,153,100,3,gloomCloud752,100,gloomCloud,,,
ashenBreath154,ashenBreath,154,100,3,gloomCloud753,100,gloomCloud,,,
ashenBreath155,ashenBreath,155,100,3,gloomCloud754,100,gloomCloud,,,
ashenBreath156,ashenBreath,156,100,3,gloomCloud755,100,gloomCloud,,,
ashenBreath157,ashenBreath,157,100,3,gloomCloud756,100,gloomCloud,,,
ashenBreath158,ashenBreath,158,100,3,gloomCloud757,100,gloomCloud,,,
ashenBreath159,ashenBreath,159,100,3,gloomCloud758,100,gloomCloud,,,
ashenBreath160,ashenBreath,160,100,3,gloomCloud759,100,gloomCloud,,,
ashenBreath161,ashenBreath,161,100,3,gloomCloud760,100,gloomCloud,,,
ashenBreath162,ashenBreath,162,100,3,gloomCloud761,100,gloomCloud,,,
ashenBreath163,ashenBreath,163,100,3,gloomCloud762,100,gloomCloud,,,
ashenBreath164,ashenBreath,164,100,3,gloomCloud763,100,gloomCloud,,,
ashenBreath165,ashenBreath,165,100,3,gloomCloud764,100,gloomCloud,,,
ashenBreath166,ashenBreath,166,100,3,gloomCloud765,100,gloomCloud,,,
ashenBreath167,ashenBreath,167,100,3,gloomCloud766,100,gloomCloud,,,
ashenBreath168,ashenBreath,168,100,3,gloomCloud767,100,gloomCloud,,,
ashenBreath169,ashenBreath,169,100,3,gloomCloud768,100,gloomCloud,,,
ashenBreath170,ashenBreath,170,100,3,gloomCloud769,100,gloomCloud,,,
ashenBreath171,ashenBreath,171,100,3,gloomCloud770,100,gloomCloud,,,
ashenBreath172,ashenBreath,172,100,3,gloomCloud771,100,gloomCloud,,,
ashenBreath173,ashenBreath,173,100,3,gloomCloud772,100,gloomCloud,,,
ashenBreath174,ashenBreath,174,100,3,gloomCloud773,100,gloomCloud,,,
ashenBreath175,ashenBreath,175,100,3,gloomCloud774,100,gloomCloud,,,
ashenBreath176,ashenBreath,176,100,3,gloomCloud775,100,gloomCloud,,,
ashenBreath177,ashenBreath,177,100,3,gloomCloud776,100,gloomCloud,,,
ashenBreath178,ashenBreath,178,100,3,gloomCloud777,100,gloomCloud,,,
ashenBreath179,ashenBreath,179,100,3,gloomCloud778,100,gloomCloud,,,
ashenBreath180,ashenBreath,180,100,3,gloomCloud779,100,gloomCloud,,,
ashenBreath181,ashenBreath,181,100,3,gloomCloud780,100,gloomCloud,,,
ashenBreath182,ashenBreath,182,100,3,gloomCloud781,100,gloomCloud,,,
ashenBreath183,ashenBreath,183,100,3,gloomCloud782,100,gloomCloud,,,
ashenBreath184,ashenBreath,184,100,3,gloomCloud783,100,gloomCloud,,,
ashenBreath185,ashenBreath,185,100,3,gloomCloud784,100,gloomCloud,,,
ashenBreath186,ashenBreath,186,100,3,gloomCloud785,100,gloomCloud,,,
ashenBreath187,ashenBreath,187,100,3,gloomCloud786,100,gloomCloud,,,
ashenBreath188,ashenBreath,188,100,3,gloomCloud787,100,gloomCloud,,,
ashenBreath189,ashenBreath,189,100,3,gloomCloud788,100,gloomCloud,,,
ashenBreath190,ashenBreath,190,100,3,gloomCloud789,100,gloomCloud,,,
ashenBreath191,ashenBreath,191,100,3,gloomCloud790,100,gloomCloud,,,
ashenBreath192,ashenBreath,192,100,3,gloomCloud791,100,gloomCloud,,,
ashenBreath193,ashenBreath,193,100,3,gloomCloud792,100,gloomCloud,,,
ashenBreath194,ashenBreath,194,100,3,gloomCloud793,100,gloomCloud,,,
ashenBreath195,ashenBreath,195,100,3,gloomCloud794,100,gloomCloud,,,
ashenBreath196,ashenBreath,196,100,3,gloomCloud795,100,gloomCloud,,,
ashenBreath197,ashenBreath,197,100,3,gloomCloud796,100,gloomCloud,,,
ashenBreath198,ashenBreath,198,100,3,gloomCloud797,100,gloomCloud,,,
ashenBreath199,ashenBreath,199,100,3,gloomCloud798,100,gloomCloud,,,
ashenBreath200,ashenBreath,200,100,3,gloomCloud799,100,gloomCloud,,,
ashenBreath201,ashenBreath,201,100,3,gloomCloud800,100,gloomCloud,,,
ashenBreath202,ashenBreath,202,100,3,gloomCloud801,100,gloomCloud,,,
ashenBreath203,ashenBreath,203,100,3,gloomCloud802,100,gloomCloud,,,
ashenBreath204,ashenBreath,204,100,3,gloomCloud803,100,gloomCloud,,,
ashenBreath205,ashenBreath,205,100,3,gloomCloud804,100,gloomCloud,,,
ashenBreath206,ashenBreath,206,100,3,gloomCloud805,100,gloomCloud,,,
ashenBreath207,ashenBreath,207,100,3,gloomCloud806,100,gloomCloud,,,
ashenBreath208,ashenBreath,208,100,3,gloomCloud807,100,gloomCloud,,,
ashenBreath209,ashenBreath,209,100,3,gloomCloud808,100,gloomCloud,,,
ashenBreath210,ashenBreath,210,100,3,gloomCloud809,100,gloomCloud,,,
ashenBreath211,ashenBreath,211,100,3,gloomCloud810,100,gloomCloud,,,
ashenBreath212,ashenBreath,212,100,3,gloomCloud811,100,gloomCloud,,,
ashenBreath213,ashenBreath,213,100,3,gloomCloud812,100,gloomCloud,,,
ashenBreath214,ashenBreath,214,100,3,gloomCloud813,100,gloomCloud,,,
ashenBreath215,ashenBreath,215,100,3,gloomCloud814,100,gloomCloud,,,
ashenBreath216,ashenBreath,216,100,3,gloomCloud815,100,gloomCloud,,,
ashenBreath217,ashenBreath,217,100,3,gloomCloud816,100,gloomCloud,,,
ashenBreath218,ashenBreath,218,100,3,gloomCloud817,100,gloomCloud,,,
ashenBreath219,ashenBreath,219,100,3,gloomCloud818,100,gloomCloud,,,
ashenBreath220,ashenBreath,220,100,3,gloomCloud819,100,gloomCloud,,,
ectoplasmicBreath1,ectoplasmicBreath,1,100,4,gloomCloud01,0,gloomCloud,160,,
ectoplasmicBreath2,ectoplasmicBreath,2,100,4,gloomCloud02,0,gloomCloud,160,,
ectoplasmicBreath3,ectoplasmicBreath,3,100,4,gloomCloud03,0,gloomCloud,160,,
ectoplasmicBreath4,ectoplasmicBreath,4,100,4,gloomCloud04,0,gloomCloud,160,,
ectoplasmicBreath5,ectoplasmicBreath,5,100,4,gloomCloud05,0,gloomCloud,160,,
ectoplasmicBreath6,ectoplasmicBreath,6,100,4,gloomCloud06,0,gloomCloud,160,,
ectoplasmicBreath7,ectoplasmicBreath,7,100,4,gloomCloud07,0,gloomCloud,160,,
ectoplasmicBreath8,ectoplasmicBreath,8,100,4,gloomCloud08,0,gloomCloud,160,,
ectoplasmicBreath9,ectoplasmicBreath,9,100,4,gloomCloud09,0,gloomCloud,160,,
ectoplasmicBreath10,ectoplasmicBreath,10,100,4,gloomCloud10,0,gloomCloud,160,,
ectoplasmicBreath11,ectoplasmicBreath,11,100,4,gloomCloud11,0,gloomCloud,160,,
ectoplasmicBreath12,ectoplasmicBreath,12,100,4,gloomCloud12,0,gloomCloud,160,,
ectoplasmicBreath13,ectoplasmicBreath,13,100,4,gloomCloud13,0,gloomCloud,160,,
ectoplasmicBreath14,ectoplasmicBreath,14,100,4,gloomCloud14,0,gloomCloud,160,,
ectoplasmicBreath15,ectoplasmicBreath,15,100,4,gloomCloud15,0,gloomCloud,160,,
ectoplasmicBreath16,ectoplasmicBreath,16,100,4,gloomCloud16,0,gloomCloud,160,,
ectoplasmicBreath17,ectoplasmicBreath,17,100,4,gloomCloud17,0,gloomCloud,160,,
ectoplasmicBreath18,ectoplasmicBreath,18,100,4,gloomCloud18,0,gloomCloud,160,,
ectoplasmicBreath19,ectoplasmicBreath,19,100,4,gloomCloud19,0,gloomCloud,160,,
ectoplasmicBreath20,ectoplasmicBreath,20,100,4,gloomCloud20,0,gloomCloud,160,,
ectoplasmicBreath21,ectoplasmicBreath,21,100,4,gloomCloud21,0,gloomCloud,160,,
ectoplasmicBreath22,ectoplasmicBreath,22,100,4,gloomCloud22,0,gloomCloud,160,,
ectoplasmicBreath23,ectoplasmicBreath,23,100,4,gloomCloud23,0,gloomCloud,160,,
ectoplasmicBreath24,ectoplasmicBreath,24,100,4,gloomCloud24,0,gloomCloud,160,,
ectoplasmicBreath25,ectoplasmicBreath,25,100,4,gloomCloud25,0,gloomCloud,160,,
ectoplasmicBreath26,ectoplasmicBreath,26,100,4,gloomCloud26,0,gloomCloud,160,,
ectoplasmicBreath27,ectoplasmicBreath,27,100,4,gloomCloud27,0,gloomCloud,160,,
ectoplasmicBreath28,ectoplasmicBreath,28,100,4,gloomCloud28,0,gloomCloud,160,,
ectoplasmicBreath29,ectoplasmicBreath,29,100,4,gloomCloud29,0,gloomCloud,160,,
ectoplasmicBreath30,ectoplasmicBreath,30,100,4,gloomCloud30,0,gloomCloud,160,,
ectoplasmicBreath31,ectoplasmicBreath,31,100,4,gloomCloud31,0,gloomCloud,160,,
ectoplasmicBreath32,ectoplasmicBreath,32,100,4,gloomCloud32,0,gloomCloud,160,,
ectoplasmicBreath33,ectoplasmicBreath,33,100,4,gloomCloud33,0,gloomCloud,160,,
ectoplasmicBreath34,ectoplasmicBreath,34,100,4,gloomCloud34,0,gloomCloud,160,,
ectoplasmicBreath35,ectoplasmicBreath,35,100,4,gloomCloud35,0,gloomCloud,160,,
ectoplasmicBreath36,ectoplasmicBreath,36,100,4,gloomCloud36,0,gloomCloud,160,,
ectoplasmicBreath37,ectoplasmicBreath,37,100,4,gloomCloud37,0,gloomCloud,160,,
ectoplasmicBreath38,ectoplasmicBreath,38,100,4,gloomCloud38,0,gloomCloud,160,,
ectoplasmicBreath39,ectoplasmicBreath,39,100,4,gloomCloud39,0,gloomCloud,160,,
ectoplasmicBreath40,ectoplasmicBreath,40,100,4,gloomCloud40,0,gloomCloud,160,,
ectoplasmicBreath41,ectoplasmicBreath,41,100,4,gloomCloud41,0,gloomCloud,160,,
ectoplasmicBreath42,ectoplasmicBreath,42,100,4,gloomCloud42,0,gloomCloud,160,,
ectoplasmicBreath43,ectoplasmicBreath,43,100,4,gloomCloud43,0,gloomCloud,160,,
ectoplasmicBreath44,ectoplasmicBreath,44,100,4,gloomCloud44,0,gloomCloud,160,,
ectoplasmicBreath45,ectoplasmicBreath,45,100,4,gloomCloud45,0,gloomCloud,160,,
ectoplasmicBreath46,ectoplasmicBreath,46,100,4,gloomCloud46,0,gloomCloud,160,,
ectoplasmicBreath47,ectoplasmicBreath,47,100,4,gloomCloud47,0,gloomCloud,160,,
ectoplasmicBreath48,ectoplasmicBreath,48,100,4,gloomCloud48,0,gloomCloud,160,,
ectoplasmicBreath49,ectoplasmicBreath,49,100,4,gloomCloud49,0,gloomCloud,160,,
ectoplasmicBreath50,ectoplasmicBreath,50,100,4,gloomCloud50,0,gloomCloud,160,,
ectoplasmicBreath51,ectoplasmicBreath,51,100,4,gloomCloud51,0,gloomCloud,160,,
ectoplasmicBreath52,ectoplasmicBreath,52,100,4,gloomCloud52,0,gloomCloud,160,,
ectoplasmicBreath53,ectoplasmicBreath,53,100,4,gloomCloud53,0,gloomCloud,160,,
ectoplasmicBreath54,ectoplasmicBreath,54,100,4,gloomCloud54,0,gloomCloud,160,,
ectoplasmicBreath55,ectoplasmicBreath,55,100,4,gloomCloud55,0,gloomCloud,160,,
ectoplasmicBreath56,ectoplasmicBreath,56,100,4,gloomCloud56,0,gloomCloud,160,,
ectoplasmicBreath57,ectoplasmicBreath,57,100,4,gloomCloud57,0,gloomCloud,160,,
ectoplasmicBreath58,ectoplasmicBreath,58,100,4,gloomCloud58,0,gloomCloud,160,,
ectoplasmicBreath59,ectoplasmicBreath,59,100,4,gloomCloud59,0,gloomCloud,160,,
ectoplasmicBreath60,ectoplasmicBreath,60,100,4,gloomCloud60,0,gloomCloud,160,,
ectoplasmicBreath61,ectoplasmicBreath,61,100,4,gloomCloud61,0,gloomCloud,160,,
ectoplasmicBreath62,ectoplasmicBreath,62,100,4,gloomCloud62,0,gloomCloud,160,,
ectoplasmicBreath63,ectoplasmicBreath,63,100,4,gloomCloud63,0,gloomCloud,160,,
ectoplasmicBreath64,ectoplasmicBreath,64,100,4,gloomCloud64,0,gloomCloud,160,,
ectoplasmicBreath65,ectoplasmicBreath,65,100,4,gloomCloud65,0,gloomCloud,160,,
ectoplasmicBreath66,ectoplasmicBreath,66,100,4,gloomCloud66,0,gloomCloud,160,,
ectoplasmicBreath67,ectoplasmicBreath,67,100,4,gloomCloud67,0,gloomCloud,160,,
ectoplasmicBreath68,ectoplasmicBreath,68,100,4,gloomCloud68,0,gloomCloud,160,,
ectoplasmicBreath69,ectoplasmicBreath,69,100,4,gloomCloud69,0,gloomCloud,160,,
ectoplasmicBreath70,ectoplasmicBreath,70,100,4,gloomCloud70,0,gloomCloud,160,,
ectoplasmicBreath71,ectoplasmicBreath,71,100,4,gloomCloud71,0,gloomCloud,160,,
ectoplasmicBreath72,ectoplasmicBreath,72,100,4,gloomCloud72,0,gloomCloud,160,,
ectoplasmicBreath73,ectoplasmicBreath,73,100,4,gloomCloud73,0,gloomCloud,160,,
ectoplasmicBreath74,ectoplasmicBreath,74,100,4,gloomCloud74,0,gloomCloud,160,,
ectoplasmicBreath75,ectoplasmicBreath,75,100,4,gloomCloud75,0,gloomCloud,160,,
ectoplasmicBreath76,ectoplasmicBreath,76,100,4,gloomCloud76,0,gloomCloud,160,,
ectoplasmicBreath77,ectoplasmicBreath,77,100,4,gloomCloud77,0,gloomCloud,160,,
ectoplasmicBreath78,ectoplasmicBreath,78,100,4,gloomCloud78,0,gloomCloud,160,,
ectoplasmicBreath79,ectoplasmicBreath,79,100,4,gloomCloud79,0,gloomCloud,160,,
ectoplasmicBreath80,ectoplasmicBreath,80,100,4,gloomCloud80,0,gloomCloud,160,,
ectoplasmicBreath81,ectoplasmicBreath,81,100,4,gloomCloud81,0,gloomCloud,160,,
ectoplasmicBreath82,ectoplasmicBreath,82,100,4,gloomCloud82,0,gloomCloud,160,,
ectoplasmicBreath83,ectoplasmicBreath,83,100,4,gloomCloud83,0,gloomCloud,160,,
ectoplasmicBreath84,ectoplasmicBreath,84,100,4,gloomCloud84,0,gloomCloud,160,,
ectoplasmicBreath85,ectoplasmicBreath,85,100,4,gloomCloud85,0,gloomCloud,160,,
ectoplasmicBreath86,ectoplasmicBreath,86,100,4,gloomCloud86,0,gloomCloud,160,,
ectoplasmicBreath87,ectoplasmicBreath,87,100,4,gloomCloud87,0,gloomCloud,160,,
ectoplasmicBreath88,ectoplasmicBreath,88,100,4,gloomCloud88,0,gloomCloud,160,,
ectoplasmicBreath89,ectoplasmicBreath,89,100,4,gloomCloud89,0,gloomCloud,160,,
ectoplasmicBreath90,ectoplasmicBreath,90,100,4,gloomCloud90,0,gloomCloud,160,,
ectoplasmicBreath91,ectoplasmicBreath,91,100,4,gloomCloud91,0,gloomCloud,160,,
ectoplasmicBreath92,ectoplasmicBreath,92,100,4,gloomCloud92,0,gloomCloud,160,,
ectoplasmicBreath93,ectoplasmicBreath,93,100,4,gloomCloud93,0,gloomCloud,160,,
ectoplasmicBreath94,ectoplasmicBreath,94,100,4,gloomCloud94,0,gloomCloud,160,,
ectoplasmicBreath95,ectoplasmicBreath,95,100,4,gloomCloud95,0,gloomCloud,160,,
ectoplasmicBreath96,ectoplasmicBreath,96,100,4,gloomCloud96,0,gloomCloud,160,,
ectoplasmicBreath97,ectoplasmicBreath,97,100,4,gloomCloud97,0,gloomCloud,160,,
ectoplasmicBreath98,ectoplasmicBreath,98,100,4,gloomCloud98,0,gloomCloud,160,,
ectoplasmicBreath99,ectoplasmicBreath,99,100,4,gloomCloud99,0,gloomCloud,160,,
ectoplasmicBreath100,ectoplasmicBreath,100,100,4,gloomCloud100,0,gloomCloud,160,,
ectoplasmicBreath101,ectoplasmicBreath,101,100,4,gloomCloud101,0,gloomCloud,160,,
ectoplasmicBreath102,ectoplasmicBreath,102,100,4,gloomCloud102,0,gloomCloud,160,,
ectoplasmicBreath103,ectoplasmicBreath,103,100,4,gloomCloud103,0,gloomCloud,160,,
ectoplasmicBreath104,ectoplasmicBreath,104,100,4,gloomCloud104,0,gloomCloud,160,,
ectoplasmicBreath105,ectoplasmicBreath,105,100,4,gloomCloud105,0,gloomCloud,160,,
ectoplasmicBreath106,ectoplasmicBreath,106,100,4,gloomCloud106,0,gloomCloud,160,,
ectoplasmicBreath107,ectoplasmicBreath,107,100,4,gloomCloud107,0,gloomCloud,160,,
ectoplasmicBreath108,ectoplasmicBreath,108,100,4,gloomCloud108,0,gloomCloud,160,,
ectoplasmicBreath109,ectoplasmicBreath,109,100,4,gloomCloud109,0,gloomCloud,160,,
ectoplasmicBreath110,ectoplasmicBreath,110,100,4,gloomCloud110,0,gloomCloud,160,,
ectoplasmicBreath111,ectoplasmicBreath,111,100,4,gloomCloud111,0,gloomCloud,160,,
ectoplasmicBreath112,ectoplasmicBreath,112,100,4,gloomCloud112,0,gloomCloud,160,,
ectoplasmicBreath113,ectoplasmicBreath,113,100,4,gloomCloud113,0,gloomCloud,160,,
ectoplasmicBreath114,ectoplasmicBreath,114,100,4,gloomCloud114,0,gloomCloud,160,,
ectoplasmicBreath115,ectoplasmicBreath,115,100,4,gloomCloud115,0,gloomCloud,160,,
ectoplasmicBreath116,ectoplasmicBreath,116,100,4,gloomCloud116,0,gloomCloud,160,,
ectoplasmicBreath117,ectoplasmicBreath,117,100,4,gloomCloud117,0,gloomCloud,160,,
ectoplasmicBreath118,ectoplasmicBreath,118,100,4,gloomCloud118,0,gloomCloud,160,,
ectoplasmicBreath119,ectoplasmicBreath,119,100,4,gloomCloud119,0,gloomCloud,160,,
ectoplasmicBreath120,ectoplasmicBreath,120,100,4,gloomCloud120,0,gloomCloud,160,,
ectoplasmicBreath121,ectoplasmicBreath,121,100,4,gloomCloud121,0,gloomCloud,160,,
ectoplasmicBreath122,ectoplasmicBreath,122,100,4,gloomCloud122,0,gloomCloud,160,,
ectoplasmicBreath123,ectoplasmicBreath,123,100,4,gloomCloud123,0,gloomCloud,160,,
ectoplasmicBreath124,ectoplasmicBreath,124,100,4,gloomCloud124,0,gloomCloud,160,,
ectoplasmicBreath125,ectoplasmicBreath,125,100,4,gloomCloud125,0,gloomCloud,160,,
ectoplasmicBreath126,ectoplasmicBreath,126,100,4,gloomCloud126,0,gloomCloud,160,,
ectoplasmicBreath127,ectoplasmicBreath,127,100,4,gloomCloud127,0,gloomCloud,160,,
ectoplasmicBreath128,ectoplasmicBreath,128,100,4,gloomCloud128,0,gloomCloud,160,,
ectoplasmicBreath129,ectoplasmicBreath,129,100,4,gloomCloud129,0,gloomCloud,160,,
ectoplasmicBreath130,ectoplasmicBreath,130,100,4,gloomCloud130,0,gloomCloud,160,,
ectoplasmicBreath131,ectoplasmicBreath,131,100,4,gloomCloud131,0,gloomCloud,160,,
ectoplasmicBreath132,ectoplasmicBreath,132,100,4,gloomCloud132,0,gloomCloud,160,,
ectoplasmicBreath133,ectoplasmicBreath,133,100,4,gloomCloud133,0,gloomCloud,160,,
ectoplasmicBreath134,ectoplasmicBreath,134,100,4,gloomCloud134,0,gloomCloud,160,,
ectoplasmicBreath135,ectoplasmicBreath,135,100,4,gloomCloud135,0,gloomCloud,160,,
ectoplasmicBreath136,ectoplasmicBreath,136,100,4,gloomCloud136,0,gloomCloud,160,,
ectoplasmicBreath137,ectoplasmicBreath,137,100,4,gloomCloud137,0,gloomCloud,160,,
ectoplasmicBreath138,ectoplasmicBreath,138,100,4,gloomCloud138,0,gloomCloud,160,,
ectoplasmicBreath139,ectoplasmicBreath,139,100,4,gloomCloud139,0,gloomCloud,160,,
ectoplasmicBreath140,ectoplasmicBreath,140,100,4,gloomCloud140,0,gloomCloud,160,,
ectoplasmicBreath141,ectoplasmicBreath,141,100,4,gloomCloud141,0,gloomCloud,160,,
ectoplasmicBreath142,ectoplasmicBreath,142,100,4,gloomCloud142,0,gloomCloud,160,,
ectoplasmicBreath143,ectoplasmicBreath,143,100,4,gloomCloud143,0,gloomCloud,160,,
ectoplasmicBreath144,ectoplasmicBreath,144,100,4,gloomCloud144,0,gloomCloud,160,,
ectoplasmicBreath145,ectoplasmicBreath,145,100,4,gloomCloud145,0,gloomCloud,160,,
ectoplasmicBreath146,ectoplasmicBreath,146,100,4,gloomCloud146,0,gloomCloud,160,,
ectoplasmicBreath147,ectoplasmicBreath,147,100,4,gloomCloud147,0,gloomCloud,160,,
ectoplasmicBreath148,ectoplasmicBreath,148,100,4,gloomCloud148,0,gloomCloud,160,,
ectoplasmicBreath149,ectoplasmicBreath,149,100,4,gloomCloud149,0,gloomCloud,160,,
ectoplasmicBreath150,ectoplasmicBreath,150,100,4,gloomCloud150,0,gloomCloud,160,,
ectoplasmicBreath151,ectoplasmicBreath,151,100,4,gloomCloud151,0,gloomCloud,160,,
ectoplasmicBreath152,ectoplasmicBreath,152,100,4,gloomCloud152,0,gloomCloud,160,,
ectoplasmicBreath153,ectoplasmicBreath,153,100,4,gloomCloud153,0,gloomCloud,160,,
ectoplasmicBreath154,ectoplasmicBreath,154,100,4,gloomCloud154,0,gloomCloud,160,,
ectoplasmicBreath155,ectoplasmicBreath,155,100,4,gloomCloud155,0,gloomCloud,160,,
ectoplasmicBreath156,ectoplasmicBreath,156,100,4,gloomCloud156,0,gloomCloud,160,,
ectoplasmicBreath157,ectoplasmicBreath,157,100,4,gloomCloud157,0,gloomCloud,160,,
ectoplasmicBreath158,ectoplasmicBreath,158,100,4,gloomCloud158,0,gloomCloud,160,,
ectoplasmicBreath159,ectoplasmicBreath,159,100,4,gloomCloud159,0,gloomCloud,160,,
ectoplasmicBreath160,ectoplasmicBreath,160,100,4,gloomCloud160,0,gloomCloud,160,,
ectoplasmicBreath161,ectoplasmicBreath,161,100,4,gloomCloud161,0,gloomCloud,160,,
ectoplasmicBreath162,ectoplasmicBreath,162,100,4,gloomCloud162,0,gloomCloud,160,,
ectoplasmicBreath163,ectoplasmicBreath,163,100,4,gloomCloud163,0,gloomCloud,160,,
ectoplasmicBreath164,ectoplasmicBreath,164,100,4,gloomCloud164,0,gloomCloud,160,,
ectoplasmicBreath165,ectoplasmicBreath,165,100,4,gloomCloud165,0,gloomCloud,160,,
ectoplasmicBreath166,ectoplasmicBreath,166,100,4,gloomCloud166,0,gloomCloud,160,,
ectoplasmicBreath167,ectoplasmicBreath,167,100,4,gloomCloud167,0,gloomCloud,160,,
ectoplasmicBreath168,ectoplasmicBreath,168,100,4,gloomCloud168,0,gloomCloud,160,,
ectoplasmicBreath169,ectoplasmicBreath,169,100,4,gloomCloud169,0,gloomCloud,160,,
ectoplasmicBreath170,ectoplasmicBreath,170,100,4,gloomCloud170,0,gloomCloud,160,,
ectoplasmicBreath171,ectoplasmicBreath,171,100,4,gloomCloud171,0,gloomCloud,160,,
ectoplasmicBreath172,ectoplasmicBreath,172,100,4,gloomCloud172,0,gloomCloud,160,,
ectoplasmicBreath173,ectoplasmicBreath,173,100,4,gloomCloud173,0,gloomCloud,160,,
ectoplasmicBreath174,ectoplasmicBreath,174,100,4,gloomCloud174,0,gloomCloud,160,,
ectoplasmicBreath175,ectoplasmicBreath,175,100,4,gloomCloud175,0,gloomCloud,160,,
ectoplasmicBreath176,ectoplasmicBreath,176,100,4,gloomCloud176,0,gloomCloud,160,,
ectoplasmicBreath177,ectoplasmicBreath,177,100,4,gloomCloud177,0,gloomCloud,160,,
ectoplasmicBreath178,ectoplasmicBreath,178,100,4,gloomCloud178,0,gloomCloud,160,,
ectoplasmicBreath179,ectoplasmicBreath,179,100,4,gloomCloud179,0,gloomCloud,160,,
ectoplasmicBreath180,ectoplasmicBreath,180,100,4,gloomCloud180,0,gloomCloud,160,,
ectoplasmicBreath181,ectoplasmicBreath,181,100,4,gloomCloud181,0,gloomCloud,160,,
ectoplasmicBreath182,ectoplasmicBreath,182,100,4,gloomCloud182,0,gloomCloud,160,,
ectoplasmicBreath183,ectoplasmicBreath,183,100,4,gloomCloud183,0,gloomCloud,160,,
ectoplasmicBreath184,ectoplasmicBreath,184,100,4,gloomCloud184,0,gloomCloud,160,,
ectoplasmicBreath185,ectoplasmicBreath,185,100,4,gloomCloud185,0,gloomCloud,160,,
ectoplasmicBreath186,ectoplasmicBreath,186,100,4,gloomCloud186,0,gloomCloud,160,,
ectoplasmicBreath187,ectoplasmicBreath,187,100,4,gloomCloud187,0,gloomCloud,160,,
ectoplasmicBreath188,ectoplasmicBreath,188,100,4,gloomCloud188,0,gloomCloud,160,,
ectoplasmicBreath189,ectoplasmicBreath,189,100,4,gloomCloud189,0,gloomCloud,160,,
ectoplasmicBreath190,ectoplasmicBreath,190,100,4,gloomCloud190,0,gloomCloud,160,,
ectoplasmicBreath191,ectoplasmicBreath,191,100,4,gloomCloud191,0,gloomCloud,160,,
ectoplasmicBreath192,ectoplasmicBreath,192,100,4,gloomCloud192,0,gloomCloud,160,,
ectoplasmicBreath193,ectoplasmicBreath,193,100,4,gloomCloud193,0,gloomCloud,160,,
ectoplasmicBreath194,ectoplasmicBreath,194,100,4,gloomCloud194,0,gloomCloud,160,,
ectoplasmicBreath195,ectoplasmicBreath,195,100,4,gloomCloud195,0,gloomCloud,160,,
ectoplasmicBreath196,ectoplasmicBreath,196,100,4,gloomCloud196,0,gloomCloud,160,,
ectoplasmicBreath197,ectoplasmicBreath,197,100,4,gloomCloud197,0,gloomCloud,160,,
ectoplasmicBreath198,ectoplasmicBreath,198,100,4,gloomCloud198,0,gloomCloud,160,,
ectoplasmicBreath199,ectoplasmicBreath,199,100,4,gloomCloud199,0,gloomCloud,160,,
ectoplasmicBreath200,ectoplasmicBreath,200,100,4,gloomCloud200,0,gloomCloud,160,,
ectoplasmicBreath201,ectoplasmicBreath,201,100,4,gloomCloud201,0,gloomCloud,160,,
ectoplasmicBreath202,ectoplasmicBreath,202,100,4,gloomCloud202,0,gloomCloud,160,,
ectoplasmicBreath203,ectoplasmicBreath,203,100,4,gloomCloud203,0,gloomCloud,160,,
ectoplasmicBreath204,ectoplasmicBreath,204,100,4,gloomCloud204,0,gloomCloud,160,,
ectoplasmicBreath205,ectoplasmicBreath,205,100,4,gloomCloud205,0,gloomCloud,160,,
ectoplasmicBreath206,ectoplasmicBreath,206,100,4,gloomCloud206,0,gloomCloud,160,,
ectoplasmicBreath207,ectoplasmicBreath,207,100,4,gloomCloud207,0,gloomCloud,160,,
ectoplasmicBreath208,ectoplasmicBreath,208,100,4,gloomCloud208,0,gloomCloud,160,,
ectoplasmicBreath209,ectoplasmicBreath,209,100,4,gloomCloud209,0,gloomCloud,160,,
ectoplasmicBreath210,ectoplasmicBreath,210,100,4,gloomCloud210,0,gloomCloud,160,,
ectoplasmicBreath211,ectoplasmicBreath,211,100,4,gloomCloud211,0,gloomCloud,160,,
ectoplasmicBreath212,ectoplasmicBreath,212,100,4,gloomCloud212,0,gloomCloud,160,,
ectoplasmicBreath213,ectoplasmicBreath,213,100,4,gloomCloud213,0,gloomCloud,160,,
ectoplasmicBreath214,ectoplasmicBreath,214,100,4,gloomCloud214,0,gloomCloud,160,,
ectoplasmicBreath215,ectoplasmicBreath,215,100,4,gloomCloud215,0,gloomCloud,160,,
ectoplasmicBreath216,ectoplasmicBreath,216,100,4,gloomCloud216,0,gloomCloud,160,,
ectoplasmicBreath217,ectoplasmicBreath,217,100,4,gloomCloud217,0,gloomCloud,160,,
ectoplasmicBreath218,ectoplasmicBreath,218,100,4,gloomCloud218,0,gloomCloud,160,,
ectoplasmicBreath219,ectoplasmicBreath,219,100,4,gloomCloud219,0,gloomCloud,160,,
ectoplasmicBreath220,ectoplasmicBreath,220,100,4,gloomCloud220,0,gloomCloud,160,,
snowBlind1,snowBlind,1,100,4,freeze03,200,freeze,115,0,
miasmicBreath1,miasmicBreath,220,100,4,gloomCloudMiasmicBreath,100,gloomCloud,100,3,
frostBreath1,frostBreath,1,100,4.5,freeze01,0,freeze,50,3,
breathOfTheDrowned1,breathOfTheDrowned,1,100,4,freeze01,100,freeze,85,3,
entropy1,entropy,1,100,4,gloomCloudEntropy,100,gloomCloud,50,5,!@#ahinndhbgdhcehao